"55c8ee82152165d244b98300","dark"
"55c8ee82152165d244b98300","cold"
"55c8ee82152165d244b98301","awesome"
"55c8ee82152165d244b98302","cold"
"55c8ee82152165d244b98303","dry"
"55c8ee82152165d244b98303","hot"
"55c8ee82152165d244b98303","awesome"
"55c8ee82152165d244b98304", "summer"
"55c8ee82152165d244b98305","dry"
"55c8ee82152165d244b98305","lucid"
"55c8ee82152165d244b98305","warm"
"55c8ee82152165d244b98306","summer"
"55c8ee82152165d244b98307","dry"
"55c8ee82152165d244b98307","winter"
"55c8ee82152165d244b98307","lucid"
"55c8ee82152165d244b98308","lucid"
"55c8ee82152165d244b98308","hot"
"55c8ee82152165d244b98309","spring"
"55c8ee82152165d244b98309","warm"
"55c8ee82152165d244b98309","winter"
